order_id,customer_id,order_date,order_status,payment_method,total_amount,discount_amount,shipping_cost
1,292,2025-01-05 18:45:05,Shipped,GooglePay,778.89,74.43,38.9
2,800,2025-03-21 07:33:24,Pending,PayPal,12.3,81.93,27.74
3,596,2025-09-23 16:45:35,Pending,GooglePay,1030.23,68.1,18.28
4,792,2025-09-17 07:42:05,Delivered,Cash,1930.86,47.82,16.88
5,730,2024-10-13 12:46:46,Shipped,GooglePay,405.98,45.72,25.1
6,88,2025-03-24 12:36:31,Shipped,Cash,1606.72,89.52,26.51
7,741,2024-10-18 16:35:54,Shipped,Card,1645.41,87.68,0.26
8,937,2025-08-31 05:10:33,Shipped,Card,174.55,84.97,35.8
9,222,2025-05-29 15:09:18,Shipped,ApplePay,883.66,73.1,5.84
10,453,2025-02-24 17:51:35,Pending,PayPal,1533.47,15.1,19.08
11,609,2024-11-04 08:14:38,Shipped,Card,104.48,2.62,12.27
12,779,2025-01-16 01:28:48,Shipped,Card,10.6,95.05,28.29
13,762,2025-03-18 06:50:37,Delivered,Cash,1600.23,87.91,18.74
14,395,2025-02-04 09:41:30,Shipped,Card,1080.3,60.05,5.76
15,360,2025-07-02 19:43:31,Shipped,Cash,1298.03,84.97,29.32
16,512,2025-09-01 14:37:48,Delivered,ApplePay,146.33,59.35,18.65
17,294,2025-06-14 06:30:12,Delivered,PayPal,1050.84,18.49,35.39
18,483,2025-07-14 07:37:46,Shipped,GooglePay,1859.11,22.22,4.96
19,332,2025-07-13 09:15:03,Delivered,Card,1188.26,99.65,27.54
20,797,2025-08-01 03:16:21,Shipped,GooglePay,556.8,5.85,7.49
21,556,2024-12-27 00:11:58,Delivered,GooglePay,1594.31,54.34,19.16
22,785,2025-05-27 07:12:28,Delivered,PayPal,1855.49,65.12,35.01
23,823,2025-01-18 08:13:07,Delivered,ApplePay,207.82,2.36,31.95
24,791,2025-05-26 15:03:06,Shipped,ApplePay,1014.16,36.25,37.66
25,807,2025-06-28 12:58:23,Shipped,ApplePay,748.58,50.97,31.8
26,87,2025-01-12 03:59:45,Pending,GooglePay,1181.2,39.85,16.74
27,719,2024-12-06 09:52:36,Delivered,Card,353.32,21.22,11.32
28,881,2024-12-08 09:51:03,Shipped,GooglePay,701.2,86.49,21.97
29,592,2025-09-02 00:33:27,Shipped,GooglePay,1813.33,99.36,5.96
30,940,2025-06-08 03:35:07,Pending,Card,459.58,56.35,22.61
31,607,2025-02-17 04:27:20,Shipped,GooglePay,186.54,50.84,12.66
32,323,2024-10-03 18:56:53,Shipped,Card,1250.52,40.62,6.94
33,443,2025-02-19 12:57:12,Pending,PayPal,93.24,96.64,39.51
34,179,2024-10-20 19:04:19,Shipped,ApplePay,79.59,89.93,27.64
35,322,2025-05-15 17:09:31,Shipped,ApplePay,131.33,28.79,34.19
36,700,2025-08-29 15:28:25,Shipped,Cash,437.37,50.17,36.09
37,848,2025-04-27 10:04:26,Delivered,Card,1999.17,37.69,7.12
38,630,2025-04-28 18:51:55,Delivered,Card,62.0,80.24,17.1
39,116,2025-01-23 17:15:21,Shipped,GooglePay,943.21,56.67,24.21
40,943,2025-06-19 03:17:04,Pending,Card,1319.77,80.47,38.64
41,886,2025-03-04 06:02:54,Pending,Cash,871.98,2.51,4.57
42,590,2024-10-29 00:16:46,Shipped,PayPal,1632.95,19.64,15.81
43,966,2025-01-16 08:39:54,Shipped,ApplePay,637.39,86.69,38.7
44,584,2025-06-28 05:04:38,Shipped,PayPal,570.0,21.06,4.91
45,871,2024-12-07 13:49:43,Shipped,GooglePay,1522.24,1.44,4.47
46,487,2025-09-03 20:12:34,Shipped,Card,1409.17,56.24,22.98
47,110,2025-06-10 08:07:14,Shipped,PayPal,658.01,34.38,10.42
48,254,2025-02-08 10:56:18,Pending,Card,1602.74,30.66,27.95
49,894,2025-06-15 23:23:17,Delivered,Card,949.16,30.1,8.3
50,2,2025-08-04 07:36:56,Pending,PayPal,1008.44,18.58,4.99
51,885,2025-02-11 21:00:36,Shipped,Cash,285.95,47.04,13.22
52,188,2024-10-31 18:13:07,Delivered,Cash,1808.47,16.63,13.13
53,559,2025-03-10 06:14:09,Delivered,Card,200.51,54.64,15.67
54,617,2024-12-19 18:56:57,Pending,ApplePay,371.03,22.88,6.88
55,77,2025-08-29 16:51:38,Pending,Card,1132.28,65.19,1.89
56,479,2025-08-13 06:06:14,Delivered,ApplePay,297.19,4.88,33.22
57,51,2025-03-01 21:21:21,Delivered,ApplePay,1606.23,5.53,31.89
58,679,2024-10-05 01:38:49,Shipped,GooglePay,271.62,28.62,24.05
59,138,2025-02-05 16:41:08,Pending,Card,311.9,24.46,17.57
60,106,2025-08-05 12:59:12,Delivered,PayPal,132.41,14.39,30.67
61,774,2024-12-01 19:49:35,Delivered,Cash,659.1,9.04,0.7
62,56,2025-06-12 15:47:14,Shipped,PayPal,1093.48,65.42,8.08
63,205,2025-06-01 17:21:07,Shipped,Cash,1037.37,20.49,19.58
64,944,2025-03-23 07:37:07,Shipped,PayPal,226.8,70.25,13.69
65,779,2025-09-14 20:36:49,Shipped,GooglePay,1310.14,61.77,15.22
66,640,2024-10-08 13:35:58,Shipped,Cash,1076.17,59.91,4.11
67,650,2024-12-16 00:33:24,Delivered,GooglePay,1327.34,66.67,31.0
68,520,2024-10-16 20:00:14,Shipped,GooglePay,1159.42,26.75,16.59
69,944,2024-12-10 13:31:49,Pending,PayPal,1685.98,35.03,38.63
70,529,2025-04-19 10:49:47,Pending,Card,1028.32,62.32,6.18
71,696,2025-01-23 20:26:23,Pending,Cash,256.64,12.35,29.85
72,803,2025-04-21 10:29:55,Delivered,Cash,465.78,18.68,29.9
73,441,2025-03-20 11:37:39,Shipped,PayPal,1988.95,91.51,10.95
74,169,2024-11-11 19:30:56,Shipped,Card,1577.75,95.18,25.56
75,442,2025-06-12 13:42:55,Shipped,GooglePay,109.37,24.67,4.7
76,620,2024-10-04 04:52:32,Shipped,PayPal,637.07,46.18,21.28
77,356,2025-06-27 15:10:22,Shipped,ApplePay,1959.69,36.71,19.35
78,178,2025-01-24 09:35:44,Shipped,GooglePay,835.54,74.13,34.48
79,619,2025-02-03 07:26:32,Pending,Cash,1352.48,48.28,7.01
80,967,2025-09-13 02:27:25,Shipped,PayPal,1377.17,57.72,36.2
81,354,2025-04-24 00:43:35,Shipped,Card,841.31,5.03,18.61
82,280,2024-12-10 17:26:51,Pending,GooglePay,715.37,81.77,36.19
83,537,2025-05-01 16:37:20,Delivered,Cash,1267.57,20.69,35.04
84,185,2024-10-09 20:47:41,Pending,ApplePay,1835.96,43.23,37.13
85,671,2024-12-10 00:54:55,Shipped,ApplePay,1613.03,74.53,10.69
86,515,2025-02-15 06:19:57,Delivered,Cash,723.34,10.58,8.56
87,844,2025-05-02 12:09:51,Pending,Card,36.38,60.86,12.45
88,484,2025-04-19 19:13:37,Shipped,Card,66.05,34.57,3.95
89,50,2025-05-12 16:22:25,Shipped,ApplePay,141.52,83.31,14.67
90,734,2025-06-24 08:53:13,Delivered,PayPal,1014.56,27.28,6.42
91,572,2024-11-21 03:28:26,Delivered,GooglePay,1590.72,33.27,7.75
92,700,2025-02-25 03:45:08,Pending,Cash,523.61,10.71,5.43
93,716,2025-08-02 12:25:38,Pending,PayPal,440.42,78.27,9.37
94,750,2025-08-05 10:26:55,Delivered,Card,146.79,61.09,34.2
95,960,2025-03-25 07:35:37,Pending,ApplePay,787.61,96.11,16.53
96,723,2025-05-14 15:03:21,Delivered,ApplePay,1211.74,41.3,26.42
97,890,2025-04-30 11:33:46,Pending,GooglePay,1011.57,60.7,11.84
98,834,2024-12-16 00:14:18,Delivered,Card,960.0,37.06,30.97
99,56,2025-06-18 03:16:59,Pending,Cash,1710.38,20.32,11.55
100,778,2025-03-24 06:06:20,Shipped,ApplePay,714.23,3.94,32.64
101,576,2025-02-17 17:15:14,Shipped,GooglePay,770.34,85.95,18.56
102,528,2024-12-20 14:49:50,Pending,ApplePay,1797.48,6.61,29.12
103,121,2025-08-17 03:29:35,Shipped,ApplePay,1062.27,80.15,14.05
104,706,2024-11-12 19:49:54,Shipped,ApplePay,993.29,29.78,32.88
105,478,2025-04-14 09:01:27,Shipped,Cash,1257.86,60.41,12.76
106,14,2024-10-25 14:00:36,Pending,ApplePay,1275.05,11.9,36.28
107,686,2024-12-27 08:43:26,Shipped,PayPal,280.31,67.3,18.1
108,652,2024-10-01 16:38:30,Delivered,PayPal,340.53,77.86,22.77
109,973,2025-03-10 13:14:07,Shipped,PayPal,1585.2,25.02,35.98
110,200,2025-02-03 22:14:49,Shipped,Cash,1425.02,94.45,7.11
111,887,2024-11-02 14:42:50,Delivered,Cash,1292.88,71.54,35.97
112,743,2024-12-12 02:11:19,Shipped,Card,1281.23,62.25,6.29
113,823,2025-05-27 10:47:46,Delivered,Cash,1123.8,95.25,29.86
114,371,2025-08-11 09:46:41,Pending,ApplePay,72.91,78.32,9.16
115,537,2025-03-11 11:08:01,Shipped,GooglePay,131.25,54.48,5.94
116,4,2025-03-16 20:43:39,Pending,GooglePay,786.17,34.76,32.59
117,314,2025-06-09 23:07:43,Delivered,Cash,571.49,80.71,18.29
118,460,2024-12-12 20:13:23,Delivered,Card,1689.2,30.1,31.33
119,55,2025-03-01 16:24:14,Delivered,Card,1230.81,37.99,3.37
120,287,2025-08-22 18:29:55,Pending,ApplePay,330.49,74.17,9.91
121,333,2025-02-08 07:42:34,Delivered,PayPal,1667.32,54.78,17.65
122,51,2025-02-10 05:53:59,Delivered,ApplePay,1307.72,26.45,23.17
123,824,2025-01-05 04:34:21,Shipped,GooglePay,248.36,98.62,32.13
124,409,2025-09-02 17:37:03,Pending,ApplePay,1975.28,33.13,31.94
125,261,2025-05-11 07:11:55,Shipped,ApplePay,869.13,91.92,10.24
126,611,2025-04-14 14:26:46,Delivered,Card,86.24,73.08,27.17
127,639,2025-09-12 10:56:54,Delivered,GooglePay,507.81,79.64,10.58
128,384,2025-03-03 03:59:37,Pending,PayPal,762.15,10.4,6.56
129,67,2024-11-19 11:05:31,Pending,GooglePay,1225.15,0.42,23.65
130,971,2024-11-21 22:01:31,Pending,Cash,1220.74,66.48,11.88
131,727,2025-04-08 04:51:46,Shipped,Cash,1163.55,88.35,22.54
132,920,2024-12-11 23:18:34,Shipped,PayPal,1065.83,82.84,24.94
133,972,2024-10-18 04:05:57,Pending,GooglePay,1915.77,76.9,32.61
134,576,2025-04-24 08:51:14,Shipped,GooglePay,1543.34,48.04,4.69
135,512,2025-04-17 20:09:46,Pending,Card,1273.58,84.79,13.02
136,171,2025-07-25 10:43:01,Delivered,PayPal,735.56,60.81,28.31
137,499,2025-06-03 12:37:04,Delivered,ApplePay,755.21,9.26,16.38
138,199,2025-08-20 22:59:47,Delivered,Cash,435.98,20.67,7.38
139,914,2024-10-09 18:13:01,Shipped,ApplePay,1015.17,13.47,2.8
140,711,2024-10-25 07:47:57,Delivered,ApplePay,951.87,12.16,22.09
141,622,2024-10-13 15:09:52,Delivered,ApplePay,456.95,27.11,14.19
142,518,2025-01-11 16:31:38,Pending,GooglePay,1406.77,67.18,16.58
143,462,2025-03-27 06:58:54,Delivered,PayPal,1938.72,27.13,2.46
144,817,2024-11-04 20:50:19,Pending,Card,1315.53,42.35,20.64
145,376,2025-07-28 13:32:59,Delivered,PayPal,1986.04,21.65,6.75
146,814,2025-09-17 22:42:55,Pending,ApplePay,810.76,31.19,2.03
147,983,2025-02-24 11:24:57,Shipped,Card,1166.79,28.09,17.3
148,826,2025-02-05 03:25:24,Delivered,Cash,1094.5,35.33,0.37
149,415,2025-03-19 02:41:32,Delivered,PayPal,1858.73,47.27,12.11
150,174,2025-05-07 11:42:59,Pending,Cash,134.05,78.74,13.76
151,668,2025-04-14 23:39:03,Pending,Cash,1814.61,50.76,25.9
152,112,2025-09-16 18:11:50,Pending,Card,1225.07,73.9,3.61
153,999,2024-11-20 22:12:54,Pending,ApplePay,323.15,34.73,8.52
154,587,2025-03-12 13:24:45,Shipped,Card,1979.66,78.92,3.96
155,411,2024-12-20 06:06:51,Shipped,PayPal,1888.29,51.61,5.49
156,925,2025-06-28 11:55:56,Pending,ApplePay,1824.37,46.85,8.23
157,897,2024-10-08 15:04:55,Pending,Cash,62.84,4.77,12.58
158,89,2025-06-30 19:04:15,Pending,Card,1745.84,55.06,31.14
159,352,2025-01-30 20:39:05,Delivered,PayPal,990.11,45.02,0.25
160,755,2024-12-19 11:56:49,Delivered,Cash,1803.81,58.54,0.22
161,562,2025-01-16 16:08:58,Delivered,ApplePay,1190.44,56.23,14.17
162,413,2024-11-30 04:22:54,Delivered,Card,317.92,88.48,16.96
163,651,2024-10-16 17:24:30,Pending,PayPal,1516.8,93.75,2.41
164,670,2025-01-12 04:40:33,Pending,PayPal,530.94,56.94,25.31
165,117,2025-07-04 10:17:19,Delivered,GooglePay,923.82,87.09,10.26
166,834,2025-06-24 14:47:51,Delivered,Card,375.93,12.5,7.12
167,335,2025-08-10 09:05:06,Pending,ApplePay,1842.96,14.45,30.05
168,308,2025-04-15 05:07:23,Delivered,ApplePay,597.62,44.82,0.69
169,393,2024-10-25 14:37:07,Shipped,Cash,764.72,38.66,31.89
170,901,2025-08-09 00:17:03,Delivered,Card,1197.49,30.85,11.68
171,318,2025-01-17 18:44:30,Shipped,ApplePay,1429.27,39.25,14.21
172,102,2025-04-22 12:09:43,Shipped,Card,1870.87,60.86,4.55
173,921,2025-03-28 06:08:53,Pending,Card,1486.29,37.87,30.71
174,361,2025-05-20 19:18:49,Pending,Cash,614.64,31.87,24.19
175,584,2025-04-11 22:14:18,Pending,PayPal,1387.24,30.49,16.42
176,50,2025-07-19 20:58:35,Delivered,PayPal,1673.25,30.79,36.89
177,503,2025-04-13 19:21:55,Shipped,Card,879.39,59.1,22.07
178,599,2024-10-04 09:12:49,Pending,GooglePay,684.5,82.42,24.67
179,253,2025-09-19 23:33:07,Delivered,ApplePay,993.74,15.57,10.31
180,772,2025-05-27 09:06:56,Delivered,Cash,1182.1,83.17,27.18
181,167,2024-12-06 01:10:19,Shipped,GooglePay,415.74,31.87,8.79
182,928,2025-04-05 10:16:00,Pending,ApplePay,601.45,27.48,33.98
183,20,2025-03-29 04:11:23,Pending,PayPal,1947.98,98.99,4.45
184,98,2025-09-07 12:32:19,Pending,GooglePay,526.57,16.81,38.15
185,537,2025-01-16 19:17:43,Shipped,ApplePay,1448.75,10.94,28.04
186,117,2024-12-20 18:31:05,Pending,Cash,527.17,79.42,30.16
187,447,2025-05-08 01:21:01,Delivered,ApplePay,1099.28,31.17,16.54
188,784,2024-11-13 16:43:03,Delivered,GooglePay,1696.76,40.88,33.58
189,77,2025-09-14 16:40:31,Pending,GooglePay,783.75,24.19,7.84
190,892,2025-04-04 06:15:34,Delivered,Cash,406.28,88.79,3.32
191,309,2025-03-11 07:27:26,Shipped,GooglePay,753.83,82.87,39.08
192,95,2025-09-21 20:40:40,Pending,ApplePay,1219.86,22.41,38.79
193,580,2025-04-03 17:34:29,Delivered,PayPal,1347.27,46.48,0.64
194,657,2025-04-19 00:46:38,Shipped,PayPal,926.28,65.68,18.45
195,173,2025-06-14 12:19:54,Delivered,ApplePay,927.27,76.3,4.78
196,568,2025-08-10 12:44:15,Delivered,ApplePay,1364.9,30.89,26.72
197,467,2025-08-31 18:11:17,Pending,GooglePay,1220.16,51.03,10.19
198,629,2025-02-11 13:07:10,Pending,ApplePay,758.58,99.09,21.06
199,679,2025-06-21 23:02:46,Pending,PayPal,805.04,6.01,27.85
200,82,2024-10-05 13:03:12,Shipped,ApplePay,969.46,38.32,38.12
201,544,2025-01-24 01:59:51,Pending,Cash,1754.73,37.18,28.89
202,225,2025-01-31 08:28:42,Shipped,ApplePay,169.8,63.39,25.51
203,941,2024-12-30 12:15:21,Pending,ApplePay,1603.96,16.4,34.01
204,532,2025-09-21 14:16:01,Delivered,GooglePay,1832.21,33.95,31.18
205,893,2025-02-08 06:04:04,Pending,GooglePay,947.51,78.13,21.94
206,319,2024-11-30 01:30:34,Delivered,ApplePay,1341.69,57.66,29.93
207,188,2025-09-03 15:00:59,Delivered,PayPal,1390.95,92.87,31.6
208,798,2024-11-04 02:43:17,Shipped,Card,506.85,43.34,23.3
209,511,2024-12-04 12:43:41,Pending,PayPal,1320.56,37.7,0.4
210,174,2025-07-21 19:36:07,Shipped,PayPal,698.85,38.68,9.34
211,880,2024-11-23 17:03:56,Shipped,ApplePay,671.01,7.64,28.47
212,985,2025-03-07 21:00:52,Delivered,ApplePay,174.23,90.12,26.92
213,661,2025-04-24 23:41:48,Pending,GooglePay,1724.97,11.78,38.95
214,638,2025-02-24 13:47:19,Delivered,GooglePay,1367.37,16.64,24.76
215,706,2025-05-16 21:31:56,Delivered,PayPal,1770.03,81.9,7.78
216,515,2025-03-19 05:31:01,Delivered,ApplePay,512.34,79.97,10.37
217,439,2024-11-25 04:45:40,Delivered,Card,1114.59,4.69,15.62
218,358,2024-10-21 20:35:43,Pending,PayPal,1336.64,81.45,2.16
219,842,2024-12-17 01:14:02,Shipped,GooglePay,370.29,35.65,4.55
220,736,2024-12-04 05:18:02,Delivered,Card,215.62,12.66,3.74
221,819,2025-08-11 09:55:58,Pending,ApplePay,818.33,30.66,28.57
222,453,2025-05-04 18:49:45,Shipped,PayPal,1554.6,13.44,9.92
223,821,2025-08-23 16:24:47,Delivered,ApplePay,806.63,85.13,30.92
224,25,2025-07-20 21:15:04,Pending,PayPal,875.78,76.28,5.66
225,793,2025-01-09 05:37:49,Shipped,ApplePay,1468.47,47.84,28.88
226,761,2025-05-05 16:28:44,Delivered,Cash,1490.59,80.73,32.97
227,406,2024-12-31 09:30:01,Shipped,ApplePay,969.59,14.09,20.62
228,785,2024-11-20 15:48:53,Pending,GooglePay,1161.28,37.39,31.94
229,974,2025-09-12 07:50:39,Pending,Card,1135.34,11.79,19.18
230,231,2025-09-14 18:20:17,Delivered,PayPal,247.49,9.81,11.2
231,106,2024-10-26 19:43:45,Shipped,GooglePay,579.86,51.76,22.12
232,208,2025-02-16 07:56:05,Delivered,Card,1287.38,60.42,0.87
233,286,2025-09-11 06:59:26,Delivered,GooglePay,1253.24,87.67,17.33
234,304,2024-12-13 11:04:53,Shipped,ApplePay,1759.74,67.26,19.31
235,533,2025-03-12 23:34:15,Delivered,PayPal,523.82,45.07,1.91
236,188,2025-01-31 15:26:01,Delivered,GooglePay,1263.76,19.16,19.43
237,560,2025-03-21 16:42:13,Pending,GooglePay,1859.19,36.53,27.94
238,855,2025-03-20 10:30:15,Pending,Card,1923.01,37.66,9.95
239,617,2025-08-02 02:45:26,Delivered,Cash,583.5,30.1,12.78
240,233,2025-04-23 15:32:28,Delivered,ApplePay,1879.22,72.38,39.34
241,920,2024-12-12 11:42:42,Pending,GooglePay,1439.96,10.87,23.64
242,386,2025-09-10 14:48:10,Pending,Cash,881.74,45.89,2.22
243,611,2024-11-21 06:35:51,Shipped,ApplePay,933.62,85.38,12.11
244,843,2025-09-22 03:35:00,Delivered,ApplePay,316.47,81.99,22.11
245,281,2025-06-09 16:39:26,Pending,Cash,1460.26,74.45,9.71
246,948,2025-08-06 00:30:02,Pending,PayPal,976.37,97.49,19.91
247,100,2025-01-17 22:03:58,Pending,GooglePay,1036.64,52.84,32.5
248,329,2025-06-01 07:04:38,Delivered,ApplePay,130.92,25.51,9.36
249,33,2025-07-12 17:24:56,Pending,Cash,1574.72,39.86,23.48
250,684,2025-08-13 15:04:37,Pending,ApplePay,1172.04,82.52,15.77
251,258,2024-12-02 06:30:36,Shipped,Card,937.45,52.52,7.16
252,242,2025-07-31 21:07:13,Shipped,Cash,375.59,3.04,39.91
253,557,2025-07-04 17:57:25,Delivered,ApplePay,1552.52,63.19,26.89
254,484,2025-02-01 14:53:32,Pending,Cash,1734.6,99.24,15.25
255,727,2025-04-29 12:56:01,Pending,Cash,893.68,90.95,16.23
256,974,2025-07-23 17:51:33,Pending,ApplePay,990.37,69.65,9.34
257,760,2025-02-21 11:47:21,Delivered,GooglePay,866.65,84.3,39.63
258,906,2025-01-16 12:42:14,Pending,Cash,1460.8,93.24,4.3
259,853,2025-07-21 22:00:23,Delivered,GooglePay,238.5,48.5,21.95
260,796,2024-11-26 15:03:14,Shipped,PayPal,1729.32,56.43,2.35
261,332,2025-08-19 21:35:06,Pending,Cash,959.98,60.25,23.99
262,266,2025-09-20 00:20:44,Pending,PayPal,1473.39,54.83,20.12
263,830,2025-09-11 15:09:03,Delivered,PayPal,524.59,73.78,12.64
264,617,2025-05-04 20:26:12,Delivered,ApplePay,1144.4,4.58,5.98
265,215,2025-08-20 17:10:08,Delivered,ApplePay,92.49,97.83,5.56
266,845,2024-09-30 13:14:56,Delivered,GooglePay,1742.82,55.47,36.11
267,635,2025-06-07 02:47:53,Pending,Card,1598.41,31.0,33.6
268,403,2025-01-05 21:45:32,Shipped,PayPal,1740.4,10.35,15.47
269,346,2025-05-29 03:21:16,Pending,Cash,1541.52,68.76,32.42
270,50,2025-01-27 01:12:16,Shipped,GooglePay,1206.83,26.52,5.48
271,431,2025-02-11 15:14:34,Shipped,GooglePay,992.19,95.25,1.02
272,835,2024-12-16 13:24:23,Shipped,GooglePay,1999.36,89.81,38.57
273,210,2025-03-09 05:21:31,Pending,ApplePay,1901.16,47.76,29.25
274,882,2024-11-07 19:53:32,Shipped,ApplePay,1256.7,33.25,9.04
275,871,2024-10-26 15:34:33,Shipped,GooglePay,856.67,71.32,1.19
276,943,2024-09-30 22:06:38,Pending,Card,1331.18,70.26,4.98
277,16,2024-10-21 00:58:19,Shipped,Cash,311.95,89.97,39.59
278,690,2025-08-07 13:15:45,Delivered,Cash,828.71,40.27,20.04
279,992,2025-05-06 05:14:00,Pending,ApplePay,987.65,34.11,31.92
280,735,2025-04-27 03:46:18,Shipped,PayPal,968.66,84.77,22.27
281,126,2024-12-31 17:25:18,Pending,Cash,909.74,56.64,36.65
282,962,2025-03-24 01:54:39,Pending,PayPal,253.78,67.42,23.16
283,180,2024-11-02 10:38:31,Delivered,Card,100.04,67.09,32.68
284,897,2025-08-14 04:57:09,Shipped,PayPal,98.85,3.2,12.29
285,866,2025-02-10 09:09:15,Shipped,Card,1215.01,65.89,28.36
286,68,2025-05-27 04:24:05,Delivered,Card,1002.59,50.16,10.37
287,600,2025-03-31 14:43:49,Shipped,Cash,173.41,84.13,25.98
288,737,2025-07-02 13:06:04,Shipped,ApplePay,331.8,96.09,28.64
289,881,2025-04-16 22:21:47,Delivered,Cash,993.5,35.92,31.52
290,652,2025-07-15 12:38:56,Pending,PayPal,537.35,11.08,13.58
291,783,2025-07-11 18:33:12,Shipped,PayPal,666.64,23.11,39.26
292,908,2025-09-06 14:43:07,Pending,Card,1123.07,54.44,27.42
293,894,2024-12-12 11:44:18,Delivered,ApplePay,921.41,80.28,31.74
294,62,2024-10-03 12:49:28,Shipped,ApplePay,375.96,15.85,35.67
295,697,2025-08-26 22:31:33,Delivered,ApplePay,1881.91,15.09,11.47
296,610,2025-01-31 10:26:30,Pending,PayPal,20.92,3.34,8.76
297,635,2025-03-18 15:22:42,Pending,ApplePay,511.76,15.28,14.38
298,97,2025-07-04 14:47:17,Delivered,GooglePay,207.78,10.52,21.64
299,784,2025-05-05 14:33:17,Shipped,GooglePay,871.26,11.86,21.64
300,781,2025-08-30 13:45:00,Shipped,ApplePay,218.18,73.2,29.78
301,64,2024-10-14 05:52:48,Pending,ApplePay,156.74,43.28,1.74
302,153,2025-06-24 20:22:32,Delivered,GooglePay,421.81,43.15,25.99
303,119,2025-02-27 04:19:36,Delivered,GooglePay,984.06,94.62,8.79
304,549,2024-11-13 04:41:01,Delivered,Card,1224.18,82.88,3.35
305,178,2024-12-13 17:37:49,Delivered,PayPal,1787.72,97.5,6.94
306,987,2025-07-15 03:56:16,Shipped,Card,646.6,56.6,27.94
307,991,2025-03-15 03:39:40,Delivered,Cash,1633.89,86.94,25.36
308,800,2025-04-28 04:11:22,Pending,GooglePay,785.22,96.53,25.9
309,652,2025-07-26 13:47:23,Shipped,ApplePay,1991.44,76.32,22.74
310,360,2025-06-22 03:26:12,Pending,Card,847.59,69.49,39.41
311,781,2025-01-19 23:34:01,Shipped,GooglePay,1064.41,25.03,14.75
312,418,2025-03-14 20:19:43,Shipped,PayPal,1908.54,69.23,3.22
313,504,2024-11-30 03:50:56,Shipped,ApplePay,1391.48,64.95,34.23
314,48,2025-06-07 09:39:15,Delivered,GooglePay,1764.26,39.09,37.01
315,984,2025-08-09 01:00:05,Delivered,Cash,1956.76,64.95,33.99
316,584,2025-07-16 12:20:03,Delivered,GooglePay,250.48,32.51,5.09
317,540,2025-08-16 17:50:04,Pending,PayPal,494.63,29.41,12.59
318,80,2025-06-30 02:00:34,Delivered,PayPal,1843.49,96.77,8.24
319,887,2024-12-09 02:53:25,Pending,GooglePay,1324.96,95.02,15.07
320,890,2025-06-08 12:34:40,Pending,PayPal,195.1,60.02,16.25
321,172,2025-06-27 21:34:09,Pending,ApplePay,824.94,63.15,20.31
322,862,2025-02-13 18:21:54,Pending,Card,612.09,66.26,34.51
323,738,2024-09-30 19:40:07,Delivered,Cash,1382.0,77.53,29.26
324,542,2025-01-20 16:59:41,Delivered,GooglePay,298.08,64.72,33.46
325,393,2025-07-17 16:23:15,Pending,ApplePay,1278.74,13.91,15.88
326,966,2025-07-31 14:07:36,Shipped,PayPal,417.57,54.19,36.53
327,978,2024-11-09 21:44:26,Delivered,PayPal,1127.91,56.57,8.33
328,231,2025-07-18 20:18:18,Pending,ApplePay,748.59,96.78,35.88
329,762,2025-07-06 13:45:28,Shipped,Cash,1472.39,78.7,6.02
330,828,2025-09-23 22:55:39,Delivered,Cash,1837.77,41.03,30.12
331,67,2025-09-13 10:51:22,Delivered,GooglePay,695.01,73.93,23.58
332,264,2025-06-18 05:37:16,Shipped,Card,963.22,17.44,20.12
333,244,2025-07-12 04:12:10,Shipped,Card,635.99,14.71,31.06
334,237,2025-02-18 23:38:42,Delivered,Cash,1405.79,54.14,12.58
335,280,2025-06-08 12:04:43,Shipped,ApplePay,957.06,94.16,9.33
336,408,2024-11-25 19:43:27,Pending,PayPal,1346.0,23.57,12.66
337,806,2024-11-05 07:55:30,Shipped,Cash,1941.05,27.65,9.37
338,884,2024-11-08 15:37:09,Shipped,Card,1076.89,23.04,33.87
339,836,2025-07-13 14:19:23,Pending,Cash,1427.34,63.95,37.77
340,535,2024-12-04 01:32:38,Shipped,GooglePay,554.83,30.52,26.48
341,940,2025-06-13 17:46:44,Pending,Card,1760.14,31.27,17.64
342,19,2024-10-05 20:53:43,Delivered,ApplePay,1175.52,44.04,10.76
343,226,2025-08-03 23:45:20,Delivered,Card,1447.54,15.94,35.33
344,99,2025-01-21 12:42:27,Pending,Cash,382.91,95.9,27.23
345,37,2025-03-23 23:46:27,Pending,PayPal,1041.59,76.82,2.22
346,148,2025-09-12 15:15:37,Shipped,PayPal,1105.46,62.58,35.69
347,430,2025-06-09 08:33:08,Delivered,ApplePay,1603.03,5.84,36.48
348,52,2024-10-03 19:15:51,Pending,ApplePay,1516.13,97.59,23.69
349,327,2025-08-30 07:40:16,Delivered,GooglePay,1408.43,2.87,24.74
350,929,2025-07-21 14:32:26,Delivered,ApplePay,1495.53,60.51,23.23
351,38,2024-11-07 13:04:27,Delivered,ApplePay,999.26,66.7,22.26
352,66,2024-12-13 15:33:34,Delivered,GooglePay,428.86,6.03,32.98
353,60,2024-12-31 12:13:29,Delivered,GooglePay,854.15,85.18,35.81
354,230,2025-02-16 00:02:17,Pending,PayPal,265.05,30.12,15.18
355,187,2025-07-30 09:17:54,Delivered,GooglePay,1234.43,85.92,2.42
356,961,2025-03-03 07:11:23,Shipped,Cash,331.84,23.6,32.73
357,936,2025-06-21 08:23:30,Shipped,ApplePay,1176.58,97.16,23.92
358,710,2025-03-19 17:37:59,Pending,Cash,1729.51,22.69,3.7
359,417,2024-11-10 18:24:05,Delivered,ApplePay,151.25,82.89,15.21
360,137,2024-12-16 10:31:42,Pending,Card,1525.0,41.88,32.81
361,494,2025-04-21 15:56:50,Shipped,PayPal,60.39,68.93,37.64
362,762,2025-04-04 15:16:49,Shipped,PayPal,1020.49,79.73,27.22
363,111,2025-09-03 09:09:18,Shipped,Card,1996.42,58.08,10.18
364,260,2025-01-06 20:58:18,Pending,PayPal,1086.67,93.94,4.1
365,913,2025-08-29 06:27:00,Shipped,PayPal,404.45,3.79,6.55
366,167,2025-04-26 02:27:42,Pending,Card,1023.57,80.31,8.98
367,300,2025-02-02 09:52:21,Pending,PayPal,75.07,75.46,16.73
368,479,2025-02-28 16:42:06,Shipped,ApplePay,458.7,95.59,36.19
369,636,2025-05-31 10:47:46,Pending,ApplePay,496.5,54.15,15.65
370,865,2025-03-26 13:41:29,Delivered,PayPal,1608.6,23.77,11.09
371,628,2024-12-08 02:50:50,Delivered,ApplePay,361.17,1.12,2.46
372,369,2024-10-24 03:55:24,Shipped,Cash,1080.34,23.53,20.68
373,959,2024-11-16 10:56:48,Shipped,Card,842.84,79.65,8.36
374,87,2024-10-09 13:45:32,Delivered,ApplePay,1580.92,57.9,10.97
375,813,2025-04-24 20:24:53,Pending,Card,1908.57,74.36,33.94
376,92,2024-10-03 12:13:01,Delivered,GooglePay,73.04,97.87,12.1
377,275,2024-11-12 07:18:44,Delivered,GooglePay,437.42,3.89,35.24
378,450,2025-07-13 16:48:57,Pending,GooglePay,1701.62,28.43,39.41
379,63,2024-11-29 22:12:54,Pending,Card,519.04,84.64,14.92
380,562,2025-05-26 08:09:17,Delivered,ApplePay,1086.95,87.79,39.54
381,647,2024-12-11 12:57:22,Shipped,Card,1236.13,40.92,9.68
382,904,2025-08-06 21:49:59,Delivered,PayPal,1198.46,2.05,33.78
383,909,2024-12-27 10:19:40,Shipped,GooglePay,149.78,62.68,6.12
384,211,2024-11-19 12:21:57,Delivered,PayPal,265.95,93.81,38.06
385,792,2025-02-08 01:40:23,Shipped,GooglePay,1501.59,72.24,24.65
386,45,2025-09-27 05:57:35,Delivered,Card,1195.99,92.48,18.93
387,897,2025-09-19 00:28:22,Delivered,Card,672.96,0.61,31.16
388,922,2025-05-05 23:30:18,Shipped,ApplePay,1616.72,93.29,6.62
389,89,2025-04-16 21:35:12,Delivered,PayPal,226.24,55.72,19.06
390,376,2025-09-21 04:36:07,Pending,ApplePay,686.85,26.82,37.17
391,948,2025-04-22 17:37:43,Delivered,Cash,432.03,17.02,8.58
392,226,2024-11-15 17:39:25,Pending,PayPal,1740.26,39.36,26.06
393,655,2024-12-02 02:38:44,Pending,ApplePay,429.62,11.36,12.15
394,112,2025-05-26 14:31:29,Shipped,ApplePay,1812.81,80.66,23.81
395,855,2025-06-21 07:46:57,Shipped,GooglePay,486.22,73.86,10.65
396,809,2024-10-10 13:57:28,Delivered,Cash,1053.27,87.47,39.25
397,766,2025-08-01 19:24:44,Pending,Card,1216.37,93.87,20.62
398,225,2024-12-03 17:08:37,Delivered,GooglePay,1792.14,83.42,8.16
399,627,2024-12-28 12:16:14,Pending,GooglePay,1950.27,16.77,9.66
400,994,2024-10-24 16:27:54,Pending,Card,1544.91,86.2,33.33
401,622,2025-08-09 03:20:38,Pending,PayPal,1670.97,97.33,4.89
402,806,2025-01-31 03:38:30,Shipped,Cash,1598.77,71.42,25.4
403,568,2025-04-24 23:12:05,Shipped,PayPal,1549.93,55.97,7.63
404,215,2025-07-21 21:09:00,Delivered,Card,40.13,75.51,37.94
405,831,2025-02-19 14:24:09,Shipped,ApplePay,23.32,88.06,11.84
406,202,2024-11-06 14:52:20,Shipped,GooglePay,1093.98,61.93,14.94
407,727,2025-09-12 12:32:16,Delivered,Card,383.83,86.54,27.47
408,27,2024-11-07 22:33:44,Delivered,ApplePay,128.44,89.32,16.89
409,87,2024-12-16 01:29:59,Delivered,Cash,383.94,87.89,37.96
410,643,2025-08-25 10:28:34,Shipped,ApplePay,301.0,78.45,15.88
411,665,2024-10-01 04:52:22,Delivered,ApplePay,1462.57,76.81,31.33
412,420,2025-09-20 01:44:36,Pending,Cash,842.94,30.85,34.39
413,791,2025-08-08 02:46:11,Shipped,PayPal,1196.87,83.56,1.5
414,975,2025-06-05 11:28:03,Delivered,Cash,1867.5,52.73,32.55
415,406,2025-03-23 23:40:06,Delivered,Card,1722.9,89.67,11.39
416,344,2025-08-15 20:34:42,Shipped,PayPal,1990.35,13.55,33.44
417,851,2025-05-09 05:19:38,Delivered,Card,1251.4,21.18,16.24
418,425,2025-08-07 17:55:45,Delivered,Card,1971.34,21.92,39.28
419,173,2025-04-24 14:06:56,Shipped,GooglePay,548.41,85.36,2.68
420,618,2024-12-10 00:20:11,Delivered,ApplePay,1042.37,92.34,23.4
421,261,2025-09-23 09:33:20,Delivered,ApplePay,89.29,25.19,11.54
422,324,2025-02-15 21:06:50,Pending,GooglePay,312.4,39.8,39.6
423,551,2025-07-28 19:31:21,Pending,Card,942.13,69.17,35.66
424,7,2024-11-29 16:16:30,Shipped,ApplePay,1817.44,68.82,16.78
425,203,2025-02-18 14:44:42,Shipped,Card,386.38,78.8,19.94
426,722,2025-02-16 14:09:33,Delivered,ApplePay,1308.64,52.82,21.09
427,970,2024-10-22 13:41:04,Pending,ApplePay,211.0,38.52,20.64
428,344,2025-05-12 08:38:59,Pending,Card,447.7,56.46,12.83
429,315,2025-09-10 12:53:27,Shipped,GooglePay,1543.67,65.61,34.06
430,991,2025-07-29 03:13:58,Pending,GooglePay,1062.45,30.79,26.74
431,953,2025-03-29 17:09:02,Shipped,GooglePay,1809.53,10.44,5.17
432,829,2025-01-19 16:48:01,Shipped,PayPal,828.39,30.75,27.36
433,376,2025-06-07 09:59:38,Delivered,Cash,49.23,60.56,29.31
434,115,2024-10-19 15:03:38,Delivered,Card,433.49,22.97,28.26
435,845,2025-03-27 19:08:45,Delivered,GooglePay,1138.61,85.24,2.34
436,341,2025-05-01 03:38:22,Pending,ApplePay,1667.15,69.33,39.0
437,134,2025-06-09 14:28:46,Delivered,Cash,1194.02,46.89,38.53
438,464,2024-11-27 22:56:53,Delivered,Cash,938.73,7.92,1.22
439,456,2025-07-26 22:22:55,Delivered,ApplePay,1758.31,24.82,3.79
440,716,2025-01-24 05:13:14,Pending,PayPal,506.75,72.48,8.38
441,9,2025-08-22 03:33:16,Delivered,PayPal,1786.44,96.74,21.02
442,182,2024-11-24 13:01:56,Pending,Cash,317.43,59.62,32.32
443,213,2025-04-18 10:56:21,Pending,GooglePay,1129.19,41.57,2.68
444,553,2024-12-01 16:27:20,Shipped,Cash,916.77,53.16,26.59
445,672,2025-06-15 06:51:05,Shipped,GooglePay,855.81,77.9,24.45
446,433,2025-04-16 22:39:27,Delivered,GooglePay,421.39,15.35,14.32
447,416,2024-11-07 19:47:51,Pending,PayPal,1281.18,23.07,12.56
448,956,2025-03-10 19:50:51,Shipped,ApplePay,1450.98,70.18,3.36
449,180,2025-04-19 03:09:19,Shipped,PayPal,536.03,43.13,38.36
450,684,2025-05-08 07:49:51,Delivered,Cash,220.83,68.88,4.04
451,22,2024-11-22 21:21:39,Delivered,GooglePay,1762.95,90.27,32.27
452,370,2025-03-04 13:51:10,Pending,Cash,1589.86,26.69,34.58
453,687,2024-12-20 12:02:56,Delivered,GooglePay,112.98,27.13,29.1
454,156,2024-10-16 12:36:19,Pending,PayPal,1795.34,34.27,12.45
455,308,2025-05-20 03:58:34,Pending,Card,104.09,45.62,36.36
456,409,2025-08-18 00:32:34,Pending,Cash,1632.7,83.59,29.48
457,852,2025-09-25 23:19:46,Shipped,Cash,48.72,21.28,35.39
458,632,2025-09-26 19:32:54,Delivered,Cash,459.45,5.78,10.04
459,118,2025-08-02 09:35:54,Shipped,PayPal,1587.1,93.98,19.92
460,405,2025-01-17 13:41:57,Shipped,Card,1647.2,2.24,19.67
461,738,2025-09-23 22:30:17,Shipped,Cash,552.54,9.34,17.55
462,302,2025-03-22 12:24:39,Delivered,Card,211.99,0.32,16.41
463,76,2025-07-12 22:56:53,Shipped,GooglePay,806.92,11.56,29.84
464,942,2024-10-15 10:23:33,Pending,Card,73.85,37.18,35.81
465,153,2025-07-11 04:26:59,Delivered,GooglePay,74.73,95.64,19.19
466,634,2024-11-14 21:49:52,Pending,Card,1685.25,74.42,15.95
467,319,2025-03-03 22:42:52,Shipped,Cash,805.63,62.19,12.55
468,594,2025-07-08 15:15:58,Delivered,PayPal,156.41,19.48,19.66
469,128,2025-03-14 23:04:39,Shipped,Card,199.4,11.68,6.35
470,183,2024-10-24 08:15:08,Pending,GooglePay,1513.45,87.66,30.73
471,135,2025-07-27 22:03:24,Shipped,ApplePay,1371.63,75.66,12.56
472,954,2025-07-17 03:38:33,Shipped,Card,813.19,72.25,13.41
473,249,2025-05-10 19:19:05,Delivered,PayPal,1668.55,13.77,18.72
474,399,2025-02-25 15:15:53,Pending,Card,1075.35,67.49,14.07
475,869,2025-07-20 10:25:23,Pending,Card,1919.75,52.39,1.28
476,921,2024-10-07 01:10:18,Pending,Card,1551.97,72.26,29.34
477,372,2025-03-05 09:22:32,Shipped,PayPal,453.26,58.57,37.71
478,967,2025-06-14 02:24:11,Pending,Cash,1090.72,76.86,19.61
479,235,2025-07-18 01:17:27,Shipped,ApplePay,35.85,15.31,26.23
480,579,2025-09-02 08:28:38,Delivered,PayPal,1238.92,55.48,39.85
481,496,2025-06-28 04:19:02,Shipped,Card,1551.96,65.17,9.34
482,960,2024-11-10 12:00:17,Pending,PayPal,1387.81,39.66,12.88
483,306,2025-02-06 21:57:59,Pending,ApplePay,162.58,90.48,6.89
484,261,2025-05-11 17:53:10,Delivered,GooglePay,336.2,49.11,13.94
485,665,2024-10-11 09:13:28,Shipped,GooglePay,1695.18,92.94,4.46
486,846,2025-03-14 16:41:01,Pending,GooglePay,1826.5,4.66,36.21
487,827,2025-04-02 13:26:46,Delivered,Cash,635.59,27.99,2.4
488,487,2024-12-08 08:06:27,Delivered,ApplePay,372.54,55.13,6.89
489,278,2025-01-14 12:29:45,Pending,Card,1299.9,0.78,2.49
490,613,2025-05-28 19:36:56,Shipped,Card,1766.05,46.33,25.25
491,572,2025-03-30 21:02:54,Delivered,Cash,276.48,94.17,11.9
492,147,2025-07-15 03:45:25,Delivered,ApplePay,394.14,27.01,3.5
493,239,2024-10-27 09:23:05,Pending,PayPal,1324.05,37.33,27.55
494,476,2025-06-15 01:33:03,Shipped,ApplePay,771.19,56.73,8.6
495,530,2025-03-25 14:55:33,Delivered,Cash,1755.05,64.7,26.99
496,998,2025-05-06 19:47:26,Delivered,ApplePay,315.68,54.34,20.87
497,392,2025-04-22 10:14:34,Delivered,ApplePay,898.15,60.85,3.63
498,771,2024-12-15 00:59:30,Pending,Cash,924.78,82.9,27.11
499,201,2025-04-04 11:47:49,Shipped,GooglePay,66.34,42.21,5.27
500,609,2025-06-10 13:01:12,Shipped,PayPal,1915.17,20.29,32.82
501,701,2025-04-19 11:22:33,Pending,PayPal,1795.42,52.86,34.37
502,546,2025-09-27 23:07:04,Delivered,Card,566.34,83.73,13.91
503,579,2025-02-16 10:38:19,Pending,ApplePay,789.77,78.47,1.08
504,830,2024-10-20 12:51:08,Delivered,GooglePay,1085.96,11.06,26.08
505,887,2025-04-24 17:39:45,Delivered,PayPal,390.87,27.85,1.63
506,15,2025-02-03 21:33:03,Shipped,Cash,585.69,13.45,27.27
507,583,2024-10-05 17:44:17,Shipped,Card,1522.86,42.73,32.19
508,310,2025-07-15 13:09:19,Pending,PayPal,101.27,92.05,9.42
509,752,2025-06-01 23:48:50,Pending,GooglePay,783.2,89.64,18.3
510,458,2025-03-10 14:15:50,Delivered,PayPal,170.24,85.19,9.13
511,850,2025-03-24 19:08:37,Pending,PayPal,1647.88,10.12,25.58
512,4,2025-02-04 10:29:55,Shipped,ApplePay,1527.47,34.07,39.87
513,971,2024-11-25 19:35:26,Shipped,GooglePay,1800.32,50.75,27.98
514,842,2025-02-06 19:18:05,Pending,Cash,255.84,34.2,34.65
515,785,2025-05-19 10:45:06,Shipped,ApplePay,986.96,34.75,8.29
516,94,2025-07-02 16:18:08,Shipped,PayPal,656.09,76.09,35.2
517,33,2025-04-22 01:15:16,Pending,Card,907.59,27.08,17.52
518,559,2025-04-14 10:41:53,Delivered,PayPal,1535.95,99.65,26.5
519,280,2024-10-24 13:45:28,Shipped,ApplePay,268.21,30.18,35.93
520,427,2025-04-28 21:24:53,Delivered,ApplePay,1134.12,71.78,1.93
521,26,2024-10-11 16:40:20,Delivered,PayPal,149.33,87.98,9.38
522,453,2025-06-13 01:11:22,Shipped,GooglePay,664.31,77.21,19.61
523,883,2025-05-11 12:26:58,Delivered,GooglePay,594.07,93.22,27.88
524,216,2025-08-01 13:40:03,Shipped,Cash,1239.5,64.27,6.39
525,70,2025-09-15 08:05:00,Pending,PayPal,1406.3,6.44,23.21
526,75,2024-12-01 22:16:41,Delivered,Card,1505.44,51.06,30.36
527,758,2025-05-17 11:23:28,Shipped,ApplePay,672.31,8.65,9.52
528,618,2025-05-07 01:26:06,Delivered,PayPal,216.39,91.9,26.55
529,452,2024-10-05 09:18:05,Pending,Card,67.76,18.98,38.18
530,556,2024-10-10 12:59:03,Shipped,PayPal,1088.2,46.88,6.48
531,517,2025-03-11 06:39:09,Pending,Card,1800.34,57.23,14.86
532,940,2025-09-12 07:45:00,Delivered,PayPal,1295.86,70.48,25.29
533,964,2025-05-07 19:05:51,Shipped,GooglePay,635.13,7.89,22.11
534,211,2024-11-26 06:41:47,Pending,Card,1314.26,54.36,1.64
535,326,2025-09-28 04:22:12,Shipped,Card,1719.72,81.04,18.83
536,994,2025-09-20 20:08:03,Shipped,GooglePay,544.91,52.77,27.22
537,138,2025-02-02 19:20:21,Pending,ApplePay,1352.54,84.13,24.21
538,904,2025-04-29 20:38:57,Pending,Cash,930.85,65.76,28.03
539,515,2025-07-01 14:02:48,Delivered,GooglePay,1017.44,18.73,18.48
540,546,2025-02-28 02:22:10,Delivered,PayPal,332.51,34.71,16.24
541,528,2025-02-20 11:05:38,Delivered,Cash,1808.86,28.93,4.72
542,601,2025-02-25 03:51:27,Shipped,Cash,1065.83,59.12,32.56
543,972,2025-09-18 05:02:53,Delivered,ApplePay,278.26,47.04,25.17
544,644,2025-05-26 21:24:00,Shipped,Cash,688.15,19.29,1.72
545,374,2025-01-18 19:24:11,Shipped,PayPal,460.47,87.36,35.01
546,494,2024-11-07 23:10:10,Shipped,ApplePay,755.03,52.21,1.08
547,630,2025-07-23 14:40:54,Pending,PayPal,481.46,8.42,35.91
548,787,2025-09-12 10:03:07,Pending,GooglePay,1718.95,44.22,31.48
549,156,2024-10-28 02:36:15,Shipped,Cash,417.4,46.2,34.68
550,100,2025-08-06 05:19:50,Shipped,GooglePay,1730.03,42.17,30.62
551,806,2024-11-09 04:46:26,Delivered,Card,1547.54,52.33,29.65
552,320,2025-06-02 07:10:30,Pending,PayPal,601.53,70.79,18.01
553,948,2024-10-20 08:05:16,Shipped,GooglePay,1584.54,90.11,1.66
554,980,2025-08-15 05:50:36,Shipped,ApplePay,1481.06,84.4,19.12
555,462,2024-10-24 10:07:02,Pending,Cash,1495.4,23.53,1.15
556,843,2025-08-30 18:12:25,Delivered,ApplePay,816.57,58.79,31.08
557,177,2024-10-04 02:42:26,Delivered,PayPal,1119.31,8.01,19.93
558,233,2024-11-26 13:25:42,Shipped,ApplePay,525.68,91.43,0.87
559,372,2025-07-15 11:24:01,Shipped,Cash,479.79,38.23,19.47
560,85,2025-04-08 00:06:10,Pending,Cash,925.59,61.35,17.65
561,69,2024-11-14 02:24:32,Delivered,ApplePay,1295.9,51.67,2.54
562,199,2024-11-13 08:43:15,Shipped,ApplePay,1832.27,73.19,18.67
563,619,2024-11-27 18:34:48,Pending,Cash,293.47,18.27,37.46
564,326,2025-07-17 16:56:06,Delivered,PayPal,1501.06,76.31,31.37
565,747,2025-06-18 06:26:12,Pending,Card,1722.57,78.75,36.51
566,149,2024-11-22 23:35:01,Pending,Cash,1025.85,70.79,22.77
567,949,2025-02-25 00:08:33,Pending,Card,448.99,55.16,37.42
568,761,2025-04-06 10:42:05,Delivered,PayPal,749.2,44.57,2.32
569,21,2025-03-31 19:40:53,Pending,GooglePay,1360.87,57.08,1.5
570,638,2025-01-06 10:48:16,Shipped,GooglePay,1896.16,17.26,11.26
571,259,2025-04-08 17:57:48,Pending,Card,1451.97,58.77,22.33
572,801,2024-10-25 13:21:15,Delivered,Card,1751.4,26.6,16.6
573,348,2025-06-21 02:21:35,Shipped,PayPal,638.39,1.68,3.62
574,749,2024-12-25 19:19:30,Delivered,Cash,788.01,66.91,36.45
575,909,2025-06-03 03:55:58,Pending,Cash,229.81,55.63,6.17
576,377,2025-06-22 18:11:00,Shipped,Cash,1186.79,43.83,7.22
577,126,2025-07-14 19:05:12,Shipped,Card,1617.02,29.69,10.43
578,918,2025-08-30 05:22:09,Shipped,Cash,348.65,63.9,33.61
579,566,2025-05-18 07:17:52,Delivered,ApplePay,1065.91,80.22,8.53
580,153,2025-06-21 02:12:16,Shipped,Card,1787.18,38.19,31.79
581,378,2024-11-13 03:26:56,Shipped,PayPal,63.51,23.28,13.18
582,720,2024-11-20 16:28:16,Delivered,GooglePay,526.82,67.59,12.38
583,133,2025-05-20 16:40:58,Shipped,ApplePay,1334.88,77.33,30.73
584,66,2024-11-10 14:36:22,Delivered,Cash,833.54,16.24,6.89
585,327,2025-02-19 11:25:38,Delivered,GooglePay,1042.31,75.44,1.32
586,265,2025-01-13 09:03:18,Pending,ApplePay,1498.34,20.31,39.77
587,499,2025-05-10 17:31:45,Shipped,PayPal,1415.24,71.17,24.8
588,794,2025-03-07 12:28:47,Delivered,Card,11.81,17.56,6.86
589,704,2025-04-16 09:31:05,Shipped,PayPal,1985.92,46.88,32.1
590,156,2024-11-22 23:11:04,Shipped,ApplePay,524.39,37.33,21.29
591,483,2025-07-08 05:45:04,Pending,Card,775.82,62.73,1.31
592,633,2025-08-07 04:09:58,Shipped,PayPal,72.44,47.9,11.33
593,621,2025-03-26 20:23:20,Pending,GooglePay,1979.42,10.11,27.77
594,860,2024-10-26 19:46:25,Delivered,Cash,1596.12,17.41,18.49
595,159,2025-06-09 09:15:51,Delivered,GooglePay,1061.63,40.22,12.25
596,745,2025-06-10 17:26:39,Pending,PayPal,1613.55,58.87,7.11
597,221,2025-01-20 12:25:49,Delivered,ApplePay,740.88,77.22,39.94
598,963,2024-11-23 19:59:53,Pending,PayPal,34.93,80.37,38.53
599,847,2024-11-02 00:32:41,Delivered,PayPal,1120.67,58.0,39.24
600,877,2025-08-04 05:37:33,Shipped,GooglePay,992.45,12.78,6.04
601,980,2025-03-18 03:11:26,Shipped,Card,1384.89,3.54,3.16
602,240,2025-02-15 23:51:37,Shipped,Cash,1786.22,20.94,27.84
603,777,2025-04-05 04:42:26,Pending,Cash,665.67,40.46,22.97
604,681,2025-03-18 18:34:30,Pending,Card,1558.64,8.24,5.38
605,301,2025-08-05 17:58:38,Pending,Cash,1538.44,31.99,32.16
606,945,2025-08-03 03:10:31,Delivered,GooglePay,251.08,20.11,2.31
607,460,2025-07-04 21:00:02,Delivered,GooglePay,1074.33,37.04,39.31
608,377,2025-05-13 09:25:19,Shipped,Cash,950.04,93.53,19.12
609,741,2025-05-04 18:03:05,Delivered,Card,663.04,73.88,13.33
610,496,2025-07-27 02:44:35,Pending,GooglePay,592.53,29.36,33.71
611,250,2024-12-15 02:09:26,Delivered,GooglePay,1347.33,2.49,16.34
612,385,2025-05-25 20:43:48,Pending,ApplePay,1342.79,60.69,8.3
613,746,2025-03-14 14:28:52,Shipped,GooglePay,1083.84,33.14,4.88
614,610,2025-03-21 12:08:36,Delivered,Card,426.99,8.32,17.36
615,180,2025-03-22 21:23:18,Shipped,Card,597.42,58.75,37.26
616,849,2024-12-05 07:00:49,Delivered,Card,1574.32,71.98,20.36
617,86,2025-07-20 14:05:41,Delivered,GooglePay,1627.62,41.86,18.42
618,984,2024-12-24 11:18:19,Shipped,Cash,1321.32,72.26,21.35
619,802,2025-03-29 14:52:30,Pending,PayPal,1879.96,84.84,34.29
620,797,2024-12-23 00:59:56,Pending,Cash,751.5,57.78,1.48
621,392,2025-07-05 13:03:35,Pending,PayPal,402.53,37.21,32.48
622,895,2025-06-05 21:14:00,Pending,PayPal,87.7,97.68,30.64
623,539,2025-01-23 10:48:47,Pending,GooglePay,1431.68,93.37,19.05
624,819,2024-11-05 22:49:48,Pending,Cash,975.49,3.53,32.15
625,126,2025-07-01 19:35:13,Pending,Card,434.91,64.78,30.1
626,706,2024-11-10 17:22:54,Delivered,PayPal,942.17,35.58,31.91
627,164,2025-07-01 20:28:11,Pending,PayPal,1182.04,87.33,18.29
628,626,2025-08-05 07:27:39,Shipped,ApplePay,845.72,27.09,16.27
629,891,2025-05-28 07:39:12,Delivered,Cash,1576.65,0.93,9.39
630,223,2024-11-06 12:25:43,Delivered,Card,1682.32,90.96,7.47
631,756,2025-07-30 10:18:25,Pending,Card,1549.74,0.99,0.57
632,162,2024-12-24 16:45:26,Delivered,GooglePay,1625.84,24.13,8.04
633,609,2025-02-27 04:47:19,Pending,ApplePay,403.55,6.2,17.55
634,966,2024-11-17 18:39:09,Pending,GooglePay,1967.99,97.04,38.66
635,989,2025-09-07 12:18:32,Shipped,Cash,1621.64,80.8,36.25
636,772,2025-09-12 11:02:13,Shipped,GooglePay,1268.94,72.09,22.46
637,10,2025-06-27 19:58:54,Pending,Card,711.62,16.5,27.69
638,765,2024-10-16 17:59:07,Shipped,GooglePay,18.37,35.43,21.17
639,637,2024-11-15 09:14:44,Pending,GooglePay,767.71,66.23,27.03
640,65,2024-11-03 15:48:49,Shipped,Card,158.34,39.79,2.89
641,813,2025-09-10 10:34:51,Shipped,ApplePay,1040.98,28.56,39.72
642,341,2024-11-11 11:38:19,Pending,Card,1451.46,11.48,9.06
643,877,2025-08-25 00:00:45,Pending,PayPal,65.15,0.2,20.16
644,814,2025-07-18 14:45:18,Delivered,Cash,1416.6,6.59,24.56
645,917,2025-05-19 08:52:26,Pending,Card,1003.57,20.64,24.13
646,877,2025-03-09 15:10:21,Delivered,ApplePay,750.33,4.25,3.0
647,828,2025-03-14 06:17:22,Pending,Cash,570.03,78.2,5.84
648,386,2025-06-05 16:43:46,Delivered,GooglePay,169.33,47.67,29.64
649,163,2025-03-03 20:28:39,Pending,Cash,780.68,55.81,27.8
650,665,2024-11-12 13:20:54,Pending,PayPal,738.69,94.42,19.18
651,634,2025-02-08 04:07:26,Delivered,Cash,1906.37,68.37,12.5
652,279,2024-10-20 18:55:24,Delivered,GooglePay,1615.62,14.59,22.74
653,983,2025-01-03 15:45:57,Shipped,GooglePay,1408.58,39.67,38.35
654,828,2025-01-19 19:47:30,Shipped,GooglePay,456.97,29.3,25.58
655,448,2025-08-13 21:35:28,Pending,ApplePay,1865.81,28.86,27.41
656,448,2025-06-17 00:02:02,Delivered,PayPal,50.92,14.92,8.63
657,292,2024-12-05 18:46:03,Delivered,GooglePay,1448.9,98.26,17.04
658,397,2025-08-14 00:00:19,Delivered,Cash,420.69,46.86,18.17
659,280,2025-05-01 14:44:07,Shipped,GooglePay,497.96,83.34,8.81
660,599,2025-08-04 12:00:53,Delivered,Cash,1786.22,45.75,6.51
661,627,2025-09-01 00:12:19,Pending,PayPal,938.25,32.67,36.9
662,282,2025-04-25 20:13:35,Pending,Cash,1017.21,83.93,31.47
663,188,2024-10-29 07:47:55,Delivered,Cash,1328.56,70.95,15.69
664,361,2025-09-01 04:45:03,Delivered,Card,206.25,24.65,20.87
665,642,2025-03-20 13:20:18,Shipped,PayPal,1921.78,70.74,22.86
666,973,2025-01-03 17:23:29,Shipped,Card,390.63,25.84,13.38
667,701,2025-04-02 01:06:59,Delivered,Card,1138.71,98.94,30.64
668,725,2025-02-27 16:02:49,Delivered,Card,161.02,82.15,12.77
669,241,2025-08-21 21:49:51,Pending,Card,1681.63,88.52,36.38
670,394,2025-08-10 09:47:23,Pending,Cash,433.27,6.58,24.91
671,287,2025-06-01 05:56:34,Delivered,Card,946.5,24.24,18.33
672,805,2024-11-17 04:09:44,Shipped,PayPal,1281.64,87.91,36.48
673,22,2024-12-01 10:08:38,Delivered,GooglePay,565.15,37.5,9.74
674,344,2025-09-14 21:07:58,Pending,GooglePay,169.29,39.1,36.84
675,785,2025-06-25 01:25:33,Delivered,Card,757.42,47.46,4.52
676,27,2025-09-19 03:45:34,Delivered,Cash,858.96,24.0,30.41
677,975,2025-08-08 08:20:09,Delivered,PayPal,338.6,55.93,13.76
678,290,2024-10-03 12:07:50,Pending,Card,1858.27,79.48,33.32
679,594,2025-06-08 19:03:23,Pending,PayPal,1222.22,5.31,11.91
680,446,2024-10-13 17:13:44,Pending,ApplePay,870.44,83.54,8.1
681,11,2025-07-05 01:01:59,Shipped,GooglePay,1652.16,39.24,29.61
682,303,2024-10-04 04:07:22,Shipped,Card,799.47,93.4,4.94
683,204,2025-09-10 19:57:10,Pending,Card,1719.69,10.17,17.04
684,7,2025-05-14 12:44:05,Pending,Cash,338.02,79.01,5.54
685,79,2025-08-23 17:35:39,Delivered,Cash,377.88,75.32,6.33
686,795,2025-04-06 00:41:00,Delivered,Card,347.16,69.98,36.19
687,187,2025-09-27 20:28:44,Shipped,PayPal,723.86,16.4,8.5
688,487,2024-12-13 10:49:39,Pending,GooglePay,365.38,48.8,4.46
689,574,2025-03-03 20:50:24,Delivered,GooglePay,110.59,38.11,30.21
690,687,2025-06-11 15:10:53,Shipped,Cash,199.94,32.97,20.66
691,341,2025-05-31 16:36:09,Shipped,Card,127.03,16.25,16.02
692,628,2024-12-19 13:22:53,Delivered,Card,1768.82,56.6,8.21
693,679,2024-12-19 02:27:29,Delivered,PayPal,1169.36,41.5,22.98
694,138,2025-04-11 03:30:02,Delivered,ApplePay,696.78,60.81,25.4
695,494,2025-06-25 17:09:40,Delivered,PayPal,1860.97,98.34,8.55
696,659,2024-11-09 07:03:44,Shipped,Cash,1571.97,48.46,13.87
697,89,2025-03-27 10:36:35,Pending,ApplePay,741.02,8.01,18.39
698,897,2025-05-03 09:16:44,Delivered,GooglePay,301.36,60.78,38.4
699,165,2024-10-05 14:32:56,Pending,Cash,1067.51,20.23,11.53
700,134,2025-09-17 05:06:35,Delivered,ApplePay,1982.12,52.79,11.05
701,396,2025-06-30 12:17:02,Shipped,ApplePay,1093.78,3.8,22.67
702,793,2025-08-26 10:24:24,Shipped,PayPal,719.64,19.53,8.51
703,186,2025-03-07 19:13:24,Pending,ApplePay,533.81,3.32,3.5
704,768,2025-05-30 12:09:48,Shipped,Cash,569.74,32.83,25.2
705,475,2024-10-18 16:44:14,Delivered,Cash,1666.37,12.45,39.88
706,504,2025-05-08 14:00:42,Pending,GooglePay,25.36,29.07,0.19
707,815,2024-10-18 12:11:20,Pending,ApplePay,440.36,55.35,20.44
708,761,2025-06-01 17:15:01,Shipped,GooglePay,1235.94,7.41,25.21
709,663,2024-10-19 14:19:52,Delivered,GooglePay,1169.48,9.62,5.25
710,388,2025-04-11 12:11:13,Shipped,Card,453.6,88.74,33.8
711,424,2024-10-03 05:00:47,Shipped,Cash,1237.36,75.08,16.97
712,327,2024-11-01 09:34:12,Shipped,PayPal,1194.99,31.49,22.49
713,221,2025-03-03 06:47:33,Pending,GooglePay,1405.9,62.78,4.25
714,256,2024-12-28 07:07:40,Delivered,ApplePay,1141.17,97.18,6.1
715,463,2025-06-16 16:13:18,Pending,PayPal,1676.66,68.23,32.47
716,328,2025-01-10 07:06:37,Delivered,PayPal,1832.92,11.23,26.26
717,180,2024-10-29 04:44:24,Delivered,Card,566.81,25.63,33.93
718,46,2025-04-17 13:23:08,Shipped,ApplePay,568.25,67.9,21.23
719,668,2025-02-10 07:46:03,Pending,Card,1324.76,50.87,13.49
720,46,2025-09-26 15:20:07,Pending,Cash,1479.03,36.64,28.43
721,456,2025-04-18 12:32:02,Shipped,GooglePay,1036.82,19.41,21.27
722,974,2025-08-11 03:45:00,Shipped,Card,648.61,33.13,4.27
723,336,2024-10-01 09:02:05,Shipped,PayPal,143.65,42.55,0.12
724,147,2025-02-17 03:13:37,Shipped,Card,446.42,30.48,16.56
725,381,2024-12-03 02:17:52,Pending,Cash,766.49,41.58,35.26
726,112,2024-11-03 12:41:34,Delivered,GooglePay,1101.42,35.31,8.53
727,696,2025-06-14 01:28:36,Pending,GooglePay,858.27,7.0,28.72
728,494,2025-03-18 10:57:34,Pending,PayPal,1355.54,89.88,17.31
729,779,2025-02-23 19:20:38,Shipped,ApplePay,1755.51,72.49,34.21
730,412,2024-12-14 14:56:40,Pending,Cash,274.87,32.2,10.13
731,777,2025-02-02 07:38:46,Pending,PayPal,35.05,56.78,37.79
732,125,2025-04-22 19:09:39,Pending,ApplePay,1301.88,98.31,28.3
733,246,2025-05-31 11:50:00,Delivered,GooglePay,74.38,69.35,17.46
734,41,2024-12-04 20:30:46,Pending,Cash,236.15,47.87,27.43
735,396,2024-10-08 10:52:01,Shipped,PayPal,173.67,95.41,28.21
736,68,2024-10-01 16:18:12,Delivered,Card,1113.59,41.33,30.18
737,697,2024-12-09 20:59:25,Delivered,Cash,127.87,26.55,13.25
738,720,2025-05-28 12:13:30,Shipped,PayPal,1052.46,22.6,28.96
739,967,2025-07-04 08:50:41,Delivered,Cash,1188.16,76.41,10.41
740,146,2025-01-20 05:23:17,Pending,Card,1268.91,35.24,33.45
741,455,2024-10-24 03:15:11,Delivered,ApplePay,1721.14,11.61,14.71
742,543,2024-11-07 22:28:59,Shipped,Cash,939.31,17.56,38.48
743,588,2025-07-05 03:58:48,Pending,GooglePay,1980.99,52.13,16.63
744,669,2025-01-14 08:08:08,Shipped,Card,894.38,19.77,25.93
745,707,2025-01-11 13:35:06,Pending,GooglePay,77.24,8.8,22.25
746,964,2025-01-02 20:26:11,Delivered,ApplePay,770.13,4.74,15.68
747,404,2025-08-18 06:01:53,Pending,GooglePay,1983.25,33.46,26.69
748,431,2025-06-04 05:29:16,Pending,Card,930.63,17.49,1.04
749,252,2024-12-20 18:58:50,Pending,PayPal,930.6,77.4,21.15
750,634,2025-08-23 02:41:46,Shipped,Card,158.59,27.76,9.04
751,783,2025-06-02 21:07:24,Delivered,GooglePay,745.89,78.49,38.57
752,488,2025-03-26 01:58:37,Pending,ApplePay,1524.46,71.86,22.07
753,92,2025-06-13 11:38:09,Pending,PayPal,781.32,98.06,31.69
754,572,2025-06-04 16:12:49,Shipped,ApplePay,1200.03,58.82,6.91
755,643,2024-10-29 07:34:06,Delivered,Cash,816.72,32.9,17.84
756,733,2024-12-17 03:09:01,Pending,ApplePay,102.48,28.82,4.08
757,180,2025-07-01 05:58:39,Shipped,PayPal,100.32,76.72,28.4
758,288,2024-11-10 12:25:36,Delivered,PayPal,1752.43,1.14,36.99
759,276,2025-01-26 06:23:39,Shipped,GooglePay,517.18,87.78,7.46
760,122,2025-06-10 08:12:46,Pending,PayPal,748.93,26.17,24.88
761,784,2025-05-28 22:14:28,Shipped,Cash,893.53,94.35,23.34
762,70,2025-08-13 16:52:22,Shipped,ApplePay,342.41,61.5,7.95
763,880,2024-12-10 12:37:30,Pending,ApplePay,779.11,96.45,5.85
764,590,2024-10-20 11:42:04,Pending,GooglePay,773.71,46.5,13.11
765,8,2025-04-27 19:34:06,Shipped,Cash,1385.41,87.84,35.58
766,832,2025-04-17 01:42:23,Delivered,Card,1542.05,22.38,1.9
767,366,2024-10-12 18:29:20,Delivered,Cash,540.35,78.32,38.15
768,979,2025-01-09 16:32:54,Shipped,Cash,1070.07,84.32,36.96
769,848,2025-06-14 12:48:14,Pending,PayPal,1833.17,13.4,10.24
770,77,2025-04-30 07:58:40,Delivered,Cash,389.55,40.14,29.59
771,273,2024-12-14 03:46:30,Shipped,GooglePay,1353.38,96.26,1.14
772,330,2024-10-15 04:28:29,Shipped,ApplePay,1719.24,84.94,9.85
773,126,2025-01-21 12:36:28,Shipped,Cash,164.37,51.1,32.59
774,920,2025-06-26 12:13:31,Delivered,Card,864.84,86.83,14.69
775,289,2024-10-23 07:26:22,Delivered,ApplePay,1966.6,58.15,30.08
776,528,2025-08-11 15:31:36,Delivered,GooglePay,1172.42,14.23,22.04
777,797,2024-12-27 06:40:43,Shipped,PayPal,1736.84,74.39,4.67
778,74,2025-01-09 06:22:29,Pending,GooglePay,885.54,51.55,16.81
779,463,2025-05-03 10:48:27,Shipped,Cash,1774.23,53.87,27.94
780,242,2025-04-26 07:17:40,Pending,Cash,641.3,4.97,32.68
781,940,2025-09-23 10:40:49,Pending,GooglePay,1575.29,68.56,36.61
782,781,2025-02-27 22:37:04,Delivered,PayPal,900.58,63.6,6.45
783,196,2024-12-08 05:02:02,Shipped,PayPal,101.06,7.15,36.03
784,821,2025-08-22 10:04:40,Delivered,PayPal,629.54,24.32,34.39
785,180,2025-04-29 00:32:46,Delivered,Cash,612.92,17.11,10.05
786,304,2025-06-09 09:05:18,Pending,ApplePay,327.36,73.33,10.37
787,716,2024-12-08 10:18:52,Shipped,Cash,1183.5,39.98,6.94
788,228,2024-12-27 18:30:57,Delivered,ApplePay,499.11,6.9,8.54
789,323,2025-01-09 06:00:10,Delivered,ApplePay,871.91,43.16,38.98
790,402,2024-10-18 14:00:10,Shipped,ApplePay,689.33,32.92,17.61
791,706,2025-07-24 21:45:07,Shipped,Cash,23.17,11.35,18.02
792,644,2024-11-17 04:58:34,Shipped,ApplePay,1640.51,90.68,13.61
793,384,2025-02-06 19:40:07,Delivered,PayPal,1942.1,80.2,31.15
794,349,2024-12-28 18:56:08,Pending,PayPal,207.98,99.01,8.41
795,414,2024-12-31 10:01:36,Shipped,GooglePay,688.54,59.9,28.78
796,655,2025-08-14 16:09:05,Pending,ApplePay,891.06,58.98,20.81
797,955,2025-01-14 18:22:07,Delivered,PayPal,1396.2,62.67,26.53
798,657,2024-12-07 00:09:44,Pending,Cash,822.89,50.52,22.2
799,270,2025-06-22 17:15:07,Delivered,Card,408.47,23.89,24.05
800,330,2025-01-10 07:43:49,Delivered,PayPal,1541.73,16.96,31.07
801,666,2025-03-29 07:17:55,Pending,Cash,541.32,86.97,25.32
802,429,2024-10-26 23:08:00,Pending,GooglePay,1694.04,90.84,30.69
803,50,2024-10-19 04:50:42,Delivered,ApplePay,1647.29,46.51,37.84
804,280,2025-06-03 07:33:33,Shipped,Card,1275.19,68.5,1.18
805,191,2025-04-06 23:06:36,Pending,Cash,151.04,0.88,12.13
806,702,2025-03-20 04:40:27,Delivered,Cash,152.96,14.29,22.98
807,88,2024-10-29 12:18:06,Shipped,Card,353.13,14.96,33.62
808,14,2025-02-04 08:18:01,Shipped,PayPal,1181.1,45.48,17.89
809,174,2024-12-27 06:37:13,Pending,ApplePay,1889.38,55.02,39.84
810,292,2025-01-26 22:27:40,Pending,PayPal,148.2,17.24,33.27
811,201,2024-10-17 02:05:08,Shipped,GooglePay,1962.36,42.81,31.74
812,906,2025-09-27 01:18:53,Delivered,Cash,1826.41,16.31,15.36
813,656,2024-12-02 09:47:40,Pending,Cash,1555.41,84.07,26.54
814,477,2025-06-22 15:57:19,Delivered,ApplePay,55.74,14.39,25.93
815,573,2024-10-27 22:56:25,Delivered,PayPal,1116.45,2.55,3.84
816,685,2025-09-09 00:11:13,Delivered,Card,670.58,95.63,17.48
817,703,2025-03-17 10:24:21,Delivered,GooglePay,1502.2,50.38,4.73
818,311,2025-02-27 00:08:56,Shipped,Card,1332.15,53.19,31.61
819,162,2025-09-28 06:30:33,Pending,Card,402.61,47.8,11.04
820,85,2025-01-06 18:40:00,Delivered,ApplePay,1377.58,49.81,10.79
821,900,2025-01-11 01:37:33,Pending,Card,756.0,35.35,17.12
822,8,2025-06-06 03:27:05,Delivered,Card,1387.93,38.64,38.32
823,878,2025-03-19 21:04:12,Delivered,Card,1401.89,76.71,19.8
824,202,2025-02-01 23:08:19,Pending,Card,603.92,53.2,4.1
825,271,2025-03-30 17:48:58,Shipped,Card,869.9,46.97,28.99
826,621,2025-07-17 13:15:35,Shipped,ApplePay,1865.12,12.04,4.0
827,947,2025-06-21 15:50:39,Delivered,ApplePay,1365.69,13.68,28.09
828,388,2025-06-15 22:30:41,Shipped,GooglePay,1375.32,64.7,24.07
829,210,2025-06-29 09:17:09,Delivered,Card,1027.72,78.67,32.44
830,117,2025-04-07 15:53:43,Pending,Cash,1270.0,86.3,34.3
831,393,2025-04-02 15:20:58,Delivered,Card,810.59,43.79,10.17
832,380,2024-12-22 12:13:26,Delivered,ApplePay,76.4,2.18,39.38
833,445,2025-06-12 01:49:24,Shipped,Card,1787.73,3.77,10.13
834,194,2025-07-29 13:08:03,Delivered,PayPal,430.28,35.84,14.86
835,945,2024-10-01 01:29:21,Shipped,Card,1342.28,89.35,24.2
836,515,2025-07-30 17:48:11,Shipped,PayPal,524.42,25.22,28.66
837,54,2024-11-23 22:27:06,Shipped,PayPal,1584.75,83.63,11.47
838,889,2025-08-16 06:28:12,Delivered,Cash,1426.71,32.9,9.96
839,902,2024-11-01 13:03:56,Delivered,PayPal,1963.39,14.88,27.44
840,890,2024-12-09 12:18:50,Shipped,ApplePay,334.92,55.09,22.3
841,790,2025-07-15 18:25:24,Shipped,GooglePay,941.67,18.77,23.58
842,510,2025-06-12 08:42:12,Shipped,GooglePay,1635.97,87.73,9.78
843,184,2025-08-15 19:18:15,Pending,GooglePay,346.85,72.28,9.88
844,408,2024-12-22 15:37:59,Shipped,ApplePay,678.59,45.19,10.45
845,533,2025-04-24 08:24:58,Delivered,ApplePay,1394.09,34.78,23.04
846,603,2024-10-10 10:20:06,Shipped,PayPal,1384.07,57.54,30.35
847,377,2025-01-14 05:57:04,Shipped,PayPal,1304.75,85.33,10.38
848,826,2024-10-11 06:02:07,Pending,Cash,1171.44,79.06,14.61
849,450,2025-07-28 17:04:25,Shipped,PayPal,1009.82,13.19,1.52
850,465,2025-07-30 20:07:28,Shipped,ApplePay,482.58,94.43,2.54
851,874,2025-03-02 06:38:54,Delivered,Cash,1325.11,60.33,2.08
852,134,2025-06-06 18:27:24,Pending,Cash,1281.41,97.15,24.78
853,108,2025-08-11 17:08:32,Delivered,PayPal,1819.59,58.58,9.99
854,163,2025-06-07 00:24:34,Pending,Cash,281.94,85.87,9.05
855,91,2025-06-28 00:11:37,Delivered,ApplePay,1465.15,1.83,38.36
856,558,2025-06-09 06:58:41,Shipped,GooglePay,75.07,19.56,0.09
857,406,2024-11-27 04:11:57,Delivered,Card,1979.3,44.68,16.69
858,518,2025-05-30 12:40:49,Delivered,Cash,1581.85,22.77,25.87
859,551,2025-09-28 22:26:01,Shipped,ApplePay,976.3,8.5,8.87
860,473,2025-05-03 03:43:29,Pending,Card,1021.1,34.43,11.27
861,822,2025-02-10 09:44:33,Pending,PayPal,633.31,94.24,17.97
862,343,2025-01-23 06:44:49,Delivered,ApplePay,1356.43,6.58,30.82
863,235,2024-10-19 03:26:34,Delivered,ApplePay,1001.9,29.12,35.17
864,386,2024-10-07 20:14:26,Pending,Card,240.9,72.07,8.97
865,440,2025-08-22 21:35:35,Delivered,PayPal,234.23,58.89,8.09
866,551,2025-06-27 10:39:11,Shipped,ApplePay,1357.96,52.75,35.86
867,427,2025-07-18 03:46:49,Delivered,GooglePay,1926.05,37.1,39.51
868,509,2025-07-27 05:02:09,Delivered,GooglePay,1430.59,89.24,12.55
869,418,2025-02-28 07:39:57,Shipped,ApplePay,1587.54,4.49,10.61
870,133,2025-01-24 09:27:21,Pending,ApplePay,880.34,76.38,3.92
871,788,2025-02-16 23:42:35,Shipped,PayPal,475.45,15.45,6.54
872,589,2025-03-09 15:55:02,Shipped,GooglePay,1567.36,99.96,12.23
873,492,2025-04-16 04:52:55,Pending,Card,1001.23,30.26,13.22
874,829,2024-11-06 10:13:32,Shipped,ApplePay,1446.86,10.26,39.52
875,275,2025-03-18 15:46:06,Shipped,Cash,1828.79,53.93,13.75
876,350,2024-12-06 23:12:11,Pending,ApplePay,613.42,13.49,10.58
877,18,2025-06-11 16:59:00,Pending,Cash,823.85,93.73,5.81
878,954,2025-08-10 23:40:30,Pending,Card,1262.08,25.25,9.39
879,848,2025-06-12 03:43:27,Shipped,PayPal,907.91,90.0,32.0
880,218,2025-09-21 08:20:55,Pending,PayPal,815.56,40.48,26.85
881,357,2025-06-30 06:50:15,Shipped,ApplePay,1464.65,18.45,29.62
882,651,2025-09-27 02:51:04,Delivered,PayPal,793.66,68.18,15.25
883,229,2025-07-03 23:51:43,Delivered,GooglePay,959.3,61.66,1.22
884,591,2025-04-23 08:00:00,Pending,Cash,1784.54,18.05,14.39
885,527,2025-05-24 18:14:35,Delivered,GooglePay,374.74,80.69,38.19
886,203,2024-10-11 15:21:16,Delivered,Cash,1859.0,46.24,33.13
887,491,2025-05-28 00:42:53,Delivered,ApplePay,52.94,12.36,31.39
888,799,2025-08-01 08:19:38,Pending,GooglePay,780.03,61.04,10.13
889,858,2025-02-16 15:21:05,Pending,Cash,1628.31,1.22,16.11
890,341,2025-08-29 12:35:16,Delivered,GooglePay,1695.18,28.74,33.07
891,584,2024-11-27 03:02:21,Pending,PayPal,978.48,1.69,22.14
892,482,2025-06-04 07:42:11,Delivered,PayPal,1749.29,95.07,18.72
893,598,2025-09-08 07:44:37,Pending,Cash,472.57,76.45,7.7
894,359,2025-05-18 16:43:54,Shipped,PayPal,1363.84,98.12,16.01
895,813,2025-03-20 23:36:27,Pending,GooglePay,1979.24,91.69,16.39
896,680,2025-09-14 20:17:27,Shipped,GooglePay,564.57,83.47,33.92
897,515,2024-12-03 22:58:19,Shipped,Card,1653.23,86.85,11.98
898,808,2024-10-17 02:26:13,Delivered,Card,1594.13,94.7,4.76
899,20,2025-09-06 22:48:43,Pending,PayPal,1028.94,98.74,10.32
900,933,2025-09-13 19:27:33,Delivered,GooglePay,1612.58,56.06,2.3
901,907,2025-01-07 16:33:42,Delivered,PayPal,614.32,27.95,5.01
902,100,2024-11-02 19:51:40,Pending,ApplePay,1088.55,88.36,33.49
903,606,2024-10-16 23:05:29,Pending,Cash,526.0,59.16,36.63
904,612,2024-12-17 07:06:25,Shipped,Card,1583.14,10.26,22.08
905,180,2024-12-07 19:52:42,Shipped,ApplePay,1221.39,48.13,32.09
906,340,2025-08-26 13:57:26,Shipped,ApplePay,457.97,62.27,30.83
907,823,2024-10-30 20:28:49,Delivered,ApplePay,1126.91,50.37,38.61
908,116,2025-06-12 13:20:02,Pending,ApplePay,1274.37,85.26,38.04
909,773,2025-01-01 05:11:06,Shipped,Cash,1059.34,72.86,14.89
910,47,2025-03-23 06:27:49,Shipped,ApplePay,1699.61,96.54,25.44
911,860,2025-05-11 06:10:14,Delivered,Card,422.39,8.1,32.33
912,357,2025-09-11 16:39:22,Shipped,ApplePay,1427.12,88.63,30.66
913,312,2024-12-21 20:21:25,Shipped,Card,1909.63,16.1,30.25
914,472,2024-12-29 08:48:04,Delivered,PayPal,694.78,52.06,3.22
915,432,2025-03-20 07:34:15,Delivered,GooglePay,738.91,68.53,36.76
916,685,2025-02-21 02:59:20,Shipped,Card,693.81,67.98,13.68
917,124,2025-09-27 14:02:14,Pending,Cash,519.27,85.38,30.71
918,748,2025-01-05 12:19:10,Delivered,PayPal,1269.71,4.78,38.51
919,799,2025-08-05 11:51:04,Shipped,PayPal,735.19,50.11,19.62
920,585,2025-01-18 06:34:46,Shipped,PayPal,31.14,56.21,13.7
921,289,2025-09-12 04:42:01,Delivered,ApplePay,670.92,21.38,19.38
922,139,2025-03-31 07:37:16,Delivered,Cash,1164.01,86.26,34.02
923,991,2025-02-27 11:34:52,Delivered,Cash,1138.14,40.15,4.29
924,400,2025-07-08 13:46:59,Shipped,ApplePay,559.21,79.86,30.33
925,598,2025-07-19 21:17:12,Pending,Card,57.32,64.1,28.19
926,536,2025-08-15 18:55:38,Pending,ApplePay,890.73,18.28,17.49
927,208,2024-12-17 10:52:34,Delivered,Card,1645.76,50.06,25.09
928,466,2025-05-21 05:22:45,Shipped,Cash,1854.17,24.4,28.68
929,907,2025-02-10 01:11:18,Pending,Cash,1148.11,58.39,32.82
930,443,2024-11-10 11:31:01,Delivered,ApplePay,1730.7,99.11,24.07
931,46,2025-04-05 11:31:18,Pending,GooglePay,1931.58,62.08,7.46
932,812,2025-07-01 09:59:46,Delivered,PayPal,486.84,51.11,1.47
933,909,2025-02-11 14:28:20,Shipped,Cash,782.38,35.38,39.84
934,291,2025-05-11 22:49:02,Shipped,Card,354.86,73.35,34.91
935,950,2025-06-10 11:07:20,Shipped,Card,162.7,67.12,10.01
936,167,2025-05-16 05:45:54,Shipped,Cash,869.9,24.68,26.74
937,640,2025-01-10 09:23:55,Pending,Cash,718.26,92.07,5.07
938,679,2025-05-27 15:23:35,Pending,GooglePay,898.77,47.64,26.99
939,47,2025-07-07 11:02:14,Shipped,Cash,1373.55,21.38,27.37
940,998,2025-05-22 12:46:02,Shipped,Card,672.19,89.72,27.97
941,632,2025-02-20 21:16:37,Pending,Cash,1862.34,55.63,9.01
942,522,2024-10-21 19:50:50,Pending,PayPal,499.39,59.09,15.67
943,622,2025-04-01 04:45:57,Delivered,Cash,1588.88,39.68,33.15
944,862,2025-06-02 13:27:14,Pending,GooglePay,814.07,60.7,31.44
945,595,2025-07-01 12:46:18,Delivered,ApplePay,269.42,26.59,34.91
946,347,2025-08-11 15:00:17,Pending,GooglePay,925.52,36.75,16.33
947,967,2025-07-30 01:49:42,Pending,ApplePay,1762.32,97.95,34.78
948,247,2025-04-24 05:50:07,Pending,PayPal,1348.8,30.27,0.11
949,701,2025-02-02 15:36:32,Delivered,Cash,1113.47,40.14,2.25
950,614,2025-09-21 09:02:13,Shipped,Cash,1700.33,0.18,4.66
951,865,2025-05-13 10:32:15,Shipped,PayPal,602.06,81.31,4.77
952,237,2025-01-18 21:27:28,Delivered,Cash,1533.18,6.36,11.53
953,925,2025-09-23 11:01:51,Delivered,Card,679.4,60.2,15.17
954,104,2025-01-01 12:26:46,Delivered,ApplePay,834.99,71.94,38.1
955,122,2025-09-09 13:51:02,Delivered,GooglePay,737.9,16.7,28.91
956,20,2025-03-01 19:11:54,Shipped,GooglePay,1828.96,18.51,29.63
957,583,2025-08-01 01:03:09,Shipped,Cash,543.83,76.88,33.71
958,455,2025-02-04 04:25:01,Shipped,GooglePay,1272.89,72.59,16.09
959,689,2025-08-30 09:25:42,Delivered,ApplePay,1810.99,67.95,35.18
960,729,2025-01-14 00:55:13,Pending,PayPal,1265.14,95.38,21.84
961,443,2025-01-11 19:03:15,Pending,PayPal,802.12,32.53,37.01
962,206,2025-04-11 00:47:44,Delivered,PayPal,1580.34,44.39,25.94
963,578,2025-05-12 02:30:56,Delivered,Card,353.91,80.82,15.52
964,501,2025-04-19 15:37:57,Shipped,ApplePay,1373.24,63.63,20.45
965,215,2025-07-28 07:57:12,Shipped,Card,713.03,80.99,11.14
966,950,2024-11-08 14:38:28,Shipped,Card,132.1,64.44,38.37
967,626,2024-12-08 10:29:20,Shipped,Card,639.66,87.58,12.56
968,136,2025-03-15 06:11:33,Shipped,GooglePay,1307.91,85.45,35.55
969,785,2024-10-07 17:38:01,Pending,PayPal,773.4,84.57,33.17
970,960,2025-04-15 03:58:07,Pending,PayPal,1428.75,9.61,6.46
971,133,2024-11-24 10:30:47,Pending,ApplePay,857.16,6.62,2.55
972,45,2025-05-25 12:15:25,Delivered,Cash,1099.05,45.11,39.62
973,260,2025-01-24 17:31:43,Pending,PayPal,118.42,41.42,26.36
974,560,2025-02-24 16:03:01,Pending,ApplePay,480.31,61.2,6.48
975,685,2025-04-04 03:40:08,Delivered,Cash,1929.85,73.42,7.71
976,589,2025-04-19 05:01:33,Shipped,Card,919.77,38.21,13.33
977,521,2025-09-22 16:50:57,Pending,ApplePay,1974.94,43.07,0.68
978,249,2025-03-16 04:21:42,Delivered,GooglePay,119.78,35.75,18.87
979,863,2025-05-22 09:13:55,Shipped,Card,1890.27,21.64,35.8
980,919,2025-06-22 07:19:56,Delivered,ApplePay,260.83,73.35,17.46
981,654,2025-04-22 12:44:00,Shipped,ApplePay,314.84,17.5,26.95
982,682,2025-04-28 00:25:20,Shipped,GooglePay,1857.72,29.87,4.43
983,893,2025-01-01 15:50:08,Delivered,ApplePay,324.58,10.58,39.39
984,405,2025-01-17 23:23:02,Delivered,Card,1443.22,42.17,10.04
985,446,2025-09-06 08:02:52,Pending,Card,538.25,45.1,35.05
986,14,2024-12-15 17:32:35,Pending,GooglePay,523.04,2.52,29.23
987,523,2025-06-01 18:54:55,Shipped,ApplePay,76.16,44.72,32.65
988,869,2025-01-21 03:49:44,Shipped,Cash,1440.79,97.78,3.83
989,99,2024-12-09 05:03:32,Pending,GooglePay,1448.63,80.99,16.5
990,147,2025-08-16 11:00:05,Shipped,ApplePay,1154.35,60.82,27.89
991,949,2024-10-09 10:39:41,Delivered,Card,1162.73,81.12,35.94
992,161,2025-06-12 19:34:16,Delivered,Card,559.81,95.78,35.15
993,756,2025-09-15 16:58:17,Shipped,Cash,1135.08,30.97,3.0
994,581,2024-11-24 00:27:16,Pending,Card,652.52,48.42,3.8
995,954,2025-02-10 07:56:14,Pending,PayPal,1453.86,51.84,17.1
996,593,2025-03-04 01:06:29,Delivered,PayPal,1118.53,29.67,13.93
997,532,2025-07-03 18:12:24,Delivered,GooglePay,1221.74,6.4,26.78
998,611,2024-11-08 10:53:01,Delivered,Card,164.76,82.87,15.7
999,133,2025-01-13 13:02:56,Delivered,Card,1960.36,43.2,24.56
1000,202,2025-01-12 13:50:46,Shipped,PayPal,1634.67,63.09,17.2
